Accuracy,Precision,Recall,Specificity,F1-Score,AUC-ROC,Confusion Matrix
0.6479741535621271,0.635608616662341,0.6593081168394131,0.637092084006462,0.6472414932276181,0.7245232704823759,"[[9859 5616]
 [5062 9796]]"
0.8141627929977252,0.7464321984071837,0.9398976982097187,0.6934410339256866,0.8320672088658504,0.8640112961669881,"[[10731  4744]
 [  893 13965]]"
0.8140638908119869,0.7461283776567339,0.940368824875488,0.6927948303715671,0.83206288708909,0.8639885172524999,"[[10721  4754]
 [  886 13972]]"
0.8131737711403422,0.7460776439089692,0.9377439763090591,0.6935702746365106,0.8310022962454895,0.863923648992911,"[[10733  4742]
 [  925 13933]]"
